{"data":{"DeviceXLAs":[{"flow":75.67231801156075,"balance":93.15433833337599,"velocity":79.47664767173029}]}}