{"data":{"DeviceXLAs":[{"flow":43.955066893100735,"balance":60.53871479034424,"velocity":44.83103759765625},{"timestamp":1673568000,"flow":41.82954713344574,"balance":59.77849941253662,"velocity":44.741343336105345}]}}